{"0": {"step_idx": 0, "position": {"x": 0, "y": 0, "angle": 0}, "shift": {"x": 0, "y": 0, "angle": 3.543018381548489}, "error_code": 0, "error_string": "executed", "goal": {"x": 0, "y": 0, "angle": 3.543018381548489}}, "1": {"step_idx": 1, "position": {"x": 0, "y": 0, "angle": 3.543018381548489}, "shift": {"x": 0.4, "y": 0, "angle": 0}, "error_code": 0, "error_string": "executed", "goal": {"x": 0.4, "y": 0, "angle": 3.543018381548489}}, "2": {"step_idx": 2, "position": {"x": 0.4, "y": 0, "angle": 3.543018381548489}, "shift": {"x": 0, "y": 0, "angle": 5.096361415823442}, "error_code": 0, "error_string": "executed", "goal": {"x": 0.4, "y": 0, "angle": 8.63937979737193}}, "3": {"step_idx": 3, "position": {"x": 0.4, "y": 0, "angle": 8.63937979737193}, "shift": {"x": -0.4, "y": 0, "angle": 0}, "error_code": 0, "error_string": "executed", "goal": {"x": 0.0, "y": 0, "angle": 8.63937979737193}}, "4": {"step_idx": 4, "position": {"x": 0.0, "y": 0, "angle": 8.63937979737193}, "shift": {"x": 0, "y": 0, "angle": 0.8726646259971648}, "error_code": 0, "error_string": "executed", "goal": {"x": 0.0, "y": 0, "angle": 9.512044423369096}}, "5": {"step_idx": 5, "position": {"x": 0.0, "y": 0, "angle": 9.512044423369096}, "shift": {"x": 0, "y": 0, "angle": 5.445427266222308}, "error_code": 0, "error_string": "executed", "goal": {"x": 0.0, "y": 0, "angle": 14.957471689591404}}, "6": {"step_idx": 6, "position": {"x": 0.0, "y": 0, "angle": 14.957471689591404}, "shift": {"x": 0.1, "y": 0, "angle": 0}, "error_code": 0, "error_string": "executed", "goal": {"x": 0.1, "y": 0, "angle": 14.957471689591404}}, "7": {"step_idx": 7, "position": {"x": 0.1, "y": 0, "angle": 14.957471689591404}, "shift": {"x": -0.3, "y": 0, "angle": 0}, "error_code": 0, "error_string": "executed", "goal": {"x": -0.19999999999999998, "y": 0, "angle": 14.957471689591404}}, "8": {"step_idx": 8, "position": {"x": -0.19999999999999998, "y": 0, "angle": 14.957471689591404}, "shift": {"x": 0, "y": 0.0, "angle": 0}, "error_code": 0, "error_string": "executed", "goal": {"x": -0.19999999999999998, "y": 0.0, "angle": 14.957471689591404}}, "9": {"step_idx": 9, "position": {"x": -0.19999999999999998, "y": 0.0, "angle": 14.957471689591404}, "shift": {"x": 0, "y": 0.1, "angle": 0}, "error_code": 0, "error_string": "executed", "goal": {"x": -0.19999999999999998, "y": 0.1, "angle": 14.957471689591404}}, "10": {"step_idx": 10, "position": {"x": -0.19999999999999998, "y": 0.1, "angle": 14.957471689591404}, "shift": {"x": 0, "y": -0.3, "angle": 0}, "error_code": 0, "error_string": "executed", "goal": {"x": -0.19999999999999998, "y": -0.19999999999999998, "angle": 14.957471689591404}}, "11": {"step_idx": 11, "position": {"x": -0.19999999999999998, "y": -0.19999999999999998, "angle": 14.957471689591404}, "shift": {"x": 0.4, "y": 0, "angle": 0}, "error_code": 0, "error_string": "executed", "goal": {"x": 0.20000000000000004, "y": -0.19999999999999998, "angle": 14.957471689591404}}, "12": {"step_idx": 12, "position": {"x": 0.20000000000000004, "y": -0.19999999999999998, "angle": 14.957471689591404}, "shift": {"x": 0, "y": -0.1, "angle": 0}, "error_code": 0, "error_string": "executed", "goal": {"x": 0.20000000000000004, "y": -0.3, "angle": 14.957471689591404}}, "13": {"step_idx": 13, "position": {"x": 0.20000000000000004, "y": -0.3, "angle": 14.957471689591404}, "shift": {"x": 0, "y": -0.4, "angle": 0}, "error_code": -1, "error_string": "Ipopt exit status: -1", "goal": {"x": 0.20000000000000004, "y": -0.7, "angle": 14.957471689591404}}, "14": {"step_idx": 14, "position": {"x": 0.20000000000000004, "y": -0.7, "angle": 14.957471689591404}, "shift": {"x": 0, "y": 0, "angle": 0.2617993877991494}, "error_code": 0, "error_string": "executed", "goal": {"x": 0.20000000000000004, "y": -0.7, "angle": 15.219271077390554}}, "15": {"step_idx": 15, "position": {"x": 0.20000000000000004, "y": -0.7, "angle": 15.219271077390554}, "shift": {"x": -0.1, "y": 0, "angle": 0}, "error_code": 0, "error_string": "executed", "goal": {"x": 0.10000000000000003, "y": -0.7, "angle": 15.219271077390554}}, "16": {"step_idx": 16, "position": {"x": 0.10000000000000003, "y": -0.7, "angle": 15.219271077390554}, "shift": {"x": 0.2, "y": 0, "angle": 0}, "error_code": 0, "error_string": "executed", "goal": {"x": 0.30000000000000004, "y": -0.7, "angle": 15.219271077390554}}, "17": {"step_idx": 17, "position": {"x": 0.30000000000000004, "y": -0.7, "angle": 15.219271077390554}, "shift": {"x": 0, "y": -0.2, "angle": 0}, "error_code": 0, "error_string": "executed", "goal": {"x": 0.30000000000000004, "y": -0.8999999999999999, "angle": 15.219271077390554}}, "18": {"step_idx": 18, "position": {"x": 0.30000000000000004, "y": -0.8999999999999999, "angle": 15.219271077390554}, "shift": {"x": 0, "y": 0.4, "angle": 0}, "error_code": 0, "error_string": "executed", "goal": {"x": 0.30000000000000004, "y": -0.4999999999999999, "angle": 15.219271077390554}}, "19": {"step_idx": 19, "position": {"x": 0.30000000000000004, "y": -0.4999999999999999, "angle": 15.219271077390554}, "shift": {"x": 0, "y": 0.0, "angle": 0}, "error_code": 0, "error_string": "executed", "goal": {"x": 0.30000000000000004, "y": -0.4999999999999999, "angle": 15.219271077390554}}}